model,cell,n,n_pos,auc,auc_ci,recall_high@0.5,recall_ci,abstain_rate,qhat,alpha,ood_abstain_rate
logistic_platt,base,6,2,1.0,"{'point': 1.0, 'mean': 1.0, 'std': 0.0, 'lo': 1.0, 'hi': 1.0, 'alpha': 0.05, 'n_resamples': 2000, 'n_skipped': 0}",1.0,"{'point': 1.0, 'mean': 1.0, 'std': 0.0, 'lo': 1.0, 'hi': 1.0, 'alpha': 0.05, 'n_resamples': 2000, 'n_skipped': 0}",0.0,,,
logistic_platt,+cal,6,2,1.0,"{'point': 1.0, 'mean': 1.0, 'std': 0.0, 'lo': 1.0, 'hi': 1.0, 'alpha': 0.05, 'n_resamples': 2000, 'n_skipped': 0}",1.0,"{'point': 1.0, 'mean': 1.0, 'std': 0.0, 'lo': 1.0, 'hi': 1.0, 'alpha': 0.05, 'n_resamples': 2000, 'n_skipped': 0}",0.0,,,
logistic_platt,+conformal,3,1,1.0,"{'point': 1.0, 'mean': 1.0, 'std': 0.0, 'lo': 1.0, 'hi': 1.0, 'alpha': 0.05, 'n_resamples': 2000, 'n_skipped': 0}",1.0,"{'point': 1.0, 'mean': 1.0, 'std': 0.0, 'lo': 1.0, 'hi': 1.0, 'alpha': 0.05, 'n_resamples': 2000, 'n_skipped': 0}",0.5,0.1687844716859248,0.14285714285714285,
logistic_platt,+ood,2,0,,,,,0.6666666666666666,0.1687844716859248,0.14285714285714285,0.16666666666666666
rf_calibrated,base,6,2,1.0,"{'point': 1.0, 'mean': 1.0, 'std': 0.0, 'lo': 1.0, 'hi': 1.0, 'alpha': 0.05, 'n_resamples': 2000, 'n_skipped': 0}",1.0,"{'point': 1.0, 'mean': 1.0, 'std': 0.0, 'lo': 1.0, 'hi': 1.0, 'alpha': 0.05, 'n_resamples': 2000, 'n_skipped': 0}",0.0,,,
rf_calibrated,+cal,6,2,1.0,"{'point': 1.0, 'mean': 1.0, 'std': 0.0, 'lo': 1.0, 'hi': 1.0, 'alpha': 0.05, 'n_resamples': 2000, 'n_skipped': 0}",1.0,"{'point': 1.0, 'mean': 1.0, 'std': 0.0, 'lo': 1.0, 'hi': 1.0, 'alpha': 0.05, 'n_resamples': 2000, 'n_skipped': 0}",0.0,,,
rf_calibrated,+conformal,4,1,1.0,"{'point': 1.0, 'mean': 1.0, 'std': 0.0, 'lo': 1.0, 'hi': 1.0, 'alpha': 0.05, 'n_resamples': 2000, 'n_skipped': 0}",1.0,"{'point': 1.0, 'mean': 1.0, 'std': 0.0, 'lo': 1.0, 'hi': 1.0, 'alpha': 0.05, 'n_resamples': 2000, 'n_skipped': 0}",0.3333333333333333,0.0,0.14285714285714285,
rf_calibrated,+ood,3,0,,,,,0.5,0.0,0.14285714285714285,0.16666666666666666
gbm_isotonic,base,6,2,1.0,"{'point': 1.0, 'mean': 1.0, 'std': 0.0, 'lo': 1.0, 'hi': 1.0, 'alpha': 0.05, 'n_resamples': 2000, 'n_skipped': 0}",1.0,"{'point': 1.0, 'mean': 1.0, 'std': 0.0, 'lo': 1.0, 'hi': 1.0, 'alpha': 0.05, 'n_resamples': 2000, 'n_skipped': 0}",0.0,,,
gbm_isotonic,+cal,6,2,1.0,"{'point': 1.0, 'mean': 1.0, 'std': 0.0, 'lo': 1.0, 'hi': 1.0, 'alpha': 0.05, 'n_resamples': 2000, 'n_skipped': 0}",1.0,"{'point': 1.0, 'mean': 1.0, 'std': 0.0, 'lo': 1.0, 'hi': 1.0, 'alpha': 0.05, 'n_resamples': 2000, 'n_skipped': 0}",0.0,,,
gbm_isotonic,+conformal,5,2,1.0,"{'point': 1.0, 'mean': 1.0, 'std': 0.0, 'lo': 1.0, 'hi': 1.0, 'alpha': 0.05, 'n_resamples': 2000, 'n_skipped': 0}",1.0,"{'point': 1.0, 'mean': 1.0, 'std': 0.0, 'lo': 1.0, 'hi': 1.0, 'alpha': 0.05, 'n_resamples': 2000, 'n_skipped': 0}",0.16666666666666666,0.19999999999999996,0.14285714285714285,
gbm_isotonic,+ood,4,1,1.0,"{'point': 1.0, 'mean': 1.0, 'std': 0.0, 'lo': 1.0, 'hi': 1.0, 'alpha': 0.05, 'n_resamples': 2000, 'n_skipped': 0}",1.0,"{'point': 1.0, 'mean': 1.0, 'std': 0.0, 'lo': 1.0, 'hi': 1.0, 'alpha': 0.05, 'n_resamples': 2000, 'n_skipped': 0}",0.3333333333333333,0.19999999999999996,0.14285714285714285,0.16666666666666666
amoebanator_mlp,base,6,2,1.0,"{'point': 1.0, 'mean': 1.0, 'std': 0.0, 'lo': 1.0, 'hi': 1.0, 'alpha': 0.05, 'n_resamples': 2000, 'n_skipped': 0}",1.0,"{'point': 1.0, 'mean': 1.0, 'std': 0.0, 'lo': 1.0, 'hi': 1.0, 'alpha': 0.05, 'n_resamples': 2000, 'n_skipped': 0}",0.0,,,
amoebanator_mlp,+cal,6,2,1.0,"{'point': 1.0, 'mean': 1.0, 'std': 0.0, 'lo': 1.0, 'hi': 1.0, 'alpha': 0.05, 'n_resamples': 2000, 'n_skipped': 0}",1.0,"{'point': 1.0, 'mean': 1.0, 'std': 0.0, 'lo': 1.0, 'hi': 1.0, 'alpha': 0.05, 'n_resamples': 2000, 'n_skipped': 0}",0.0,,,
amoebanator_mlp,+conformal,5,2,1.0,"{'point': 1.0, 'mean': 1.0, 'std': 0.0, 'lo': 1.0, 'hi': 1.0, 'alpha': 0.05, 'n_resamples': 2000, 'n_skipped': 0}",1.0,"{'point': 1.0, 'mean': 1.0, 'std': 0.0, 'lo': 1.0, 'hi': 1.0, 'alpha': 0.05, 'n_resamples': 2000, 'n_skipped': 0}",0.16666666666666666,0.011055714450776577,0.14285714285714285,
amoebanator_mlp,+ood,4,1,1.0,"{'point': 1.0, 'mean': 1.0, 'std': 0.0, 'lo': 1.0, 'hi': 1.0, 'alpha': 0.05, 'n_resamples': 2000, 'n_skipped': 0}",1.0,"{'point': 1.0, 'mean': 1.0, 'std': 0.0, 'lo': 1.0, 'hi': 1.0, 'alpha': 0.05, 'n_resamples': 2000, 'n_skipped': 0}",0.3333333333333333,0.011055714450776577,0.14285714285714285,0.16666666666666666
